id,packetid,bpm,mov,bat,temp,gsr
4,212,122,34,403,3150,151
4,213,124,37,403,3150,148
4,214,123,12,403,3150,146
4,215,124,4,403,3150,146
4,216,119,5,403,3150,146
4,217,111,4,403,3150,147
4,218,111,3,403,3156,146
4,219,111,4,403,3150,148
4,220,111,2,403,3156,149
4,221,111,50,403,3156,151
4,223,127,17,403,3156,429
4,224,128,27,403,3150,137
4,225,137,40,403,3156,139
4,226,129,48,403,3156,141
4,227,122,34,403,3156,138
4,228,116,33,403,3162,147
4,229,114,12,403,3162,144
5,1,0,607,80,2662,586
4,230,109,13,403,3162,146
5,2,0,21,145,2668,591
5,2,0,21,145,2668,591
4,231,100,16,403,3162,147
5,3,0,40,196,2668,581
4,232,101,15,403,3168,148
5,4,0,40,238,2675,606
4,233,106,15,403,3168,151
4,233,106,15,403,3168,151
5,5,0,30,271,2675,515
4,234,112,10,403,3168,152
5,6,164,59,297,2675,445
4,235,123,15,403,3168,152
5,7,176,40,318,2681,536
4,236,124,11,403,3168,151
5,8,190,92,335,2700,512
4,237,121,18,403,3175,151
5,9,181,51,349,2718,512
4,238,134,52,403,3175,150
5,10,172,49,360,2712,522
4,239,114,36,403,3175,153
5,11,151,67,368,2712,402
4,240,105,11,403,3175,154
5,12,143,34,375,2737,370
4,241,105,23,403,3175,155
4,241,105,23,403,3175,155
5,13,163,42,381,2787,375
4,242,106,36,403,3175,155
5,14,159,27,385,2818,383
4,243,106,50,403,3175,152
5,15,173,41,389,2843,376
4,244,90,34,403,3175,155
5,16,173,81,392,2856,370
4,245,93,106,403,3175,157
5,17,173,51,394,2868,367
5,17,173,51,394,2868,367
4,246,94,68,403,3175,156
5,18,183,52,396,2881,363
4,247,94,28,403,3175,155
5,19,158,46,397,2887,355
4,248,95,26,403,3181,149
5,20,136,14,398,2900,348
4,249,104,9,403,3175,480
4,249,104,9,403,3175,480
4,249,104,9,403,3175,480
5,21,122,7,399,2906,344
4,250,115,5,403,3181,460
5,22,110,6,400,2918,342
4,251,114,3,403,3181,464
5,23,100,4,401,2925,339
4,252,114,3,403,3181,473
5,24,113,5,401,2931,340
4,253,113,4,403,3181,479
5,25,114,4,401,2937,338
5,25,114,4,401,2937,338
5,25,114,4,401,2937,338
4,254,112,3,403,3181,480
5,26,112,5,402,2943,336
4,255,111,4,403,3181,485
5,27,110,5,402,2943,336
4,256,110,5,403,3181,498
5,28,109,5,402,2950,333
4,257,109,4,403,3181,508
5,29,109,5,402,2956,334
4,258,109,26,403,3181,130
5,30,110,69,402,2956,333
4,259,122,267,403,3181,558
5,31,111,201,403,2962,333
4,260,157,438,403,3181,529
4,260,157,438,403,3181,529
5,32,114,203,403,2962,333
5,32,114,203,403,2962,333
4,261,194,299,403,3181,484
5,33,115,106,403,2962,328
4,262,192,222,403,3181,421
5,34,118,125,403,2968,325
4,263,189,263,403,3181,142
4,263,189,263,403,3181,142
5,35,123,123,403,2968,317
5,35,123,123,403,2968,317
4,264,179,275,403,3187,148
5,36,116,91,403,2975,320
4,265,165,210,403,3187,471
5,37,112,122,403,2975,310
4,266,151,181,403,3187,145
5,38,106,106,403,2975,310
4,267,153,225,403,3193,143
5,39,104,77,403,2981,307
5,39,104,77,403,2981,307
4,268,144,203,403,3193,146
5,40,100,111,403,2981,319
4,269,136,274,403,3193,151
5,41,94,13,403,2981,338
4,270,125,8,403,3193,153
5,42,96,7,403,2981,335
4,271,120,9,403,3193,155
5,43,100,11,403,2981,333
4,272,113,5,403,3193,155
5,44,104,10,403,2981,334
4,273,112,5,403,3193,156
5,45,106,11,403,2975,332
5,45,106,11,403,2975,332
4,274,107,5,403,3193,156
5,46,107,10,403,2981,331
4,275,112,34,403,3193,156
4,275,112,34,403,3193,156
5,47,109,12,403,2981,332
4,276,110,21,403,3193,149
5,48,110,14,403,2981,331
4,277,111,32,403,3193,153
5,49,111,8,403,2981,330
4,278,113,9,403,3193,156
5,50,112,12,403,2987,328
4,279,102,9,403,3193,158
5,51,113,7,403,2987,326
4,280,94,12,403,3193,159
5,52,114,8,403,2987,325
4,281,92,10,403,3193,159
5,53,114,16,403,2987,324
4,282,96,6,403,3193,160
5,54,114,12,402,2993,324
4,283,95,6,403,3200,161
5,55,113,10,402,2993,324
4,284,103,5,403,3200,161
5,56,113,18,402,3000,321
4,285,114,15,403,3200,164
4,285,114,15,403,3200,164
5,57,112,40,403,3000,448
4,286,105,18,403,3200,158
4,287,113,15,403,3200,160
4,288,123,73,403,3200,158
4,289,112,53,403,3200,157
4,289,112,53,403,3200,157
4,290,102,23,403,3206,158
4,291,101,21,403,3200,159
4,292,103,12,403,3200,155
4,293,96,22,403,3200,158
4,294,83,22,403,3206,146
4,295,90,41,403,3206,156
4,296,94,27,403,3206,155
4,297,97,19,403,3206,157
4,298,98,23,403,3206,159
4,299,103,58,403,3206,159
4,300,105,40,403,3212,163
2,1,0,613,80,2643,579
2,2,0,27,145,2650,320
4,301,107,56,403,3212,150
2,3,0,14,197,2675,318
4,302,107,18,403,3206,138
2,4,0,9,238,2731,293
4,303,107,10,403,3212,138
2,5,0,9,272,2768,278
4,304,107,7,403,3212,154
2,6,0,5,298,2800,276
4,305,91,9,403,3212,157
2,7,109,6,319,2825,273
4,306,91,6,403,3218,157
2,8,100,7,336,2843,277
2,8,100,7,336,2843,277
4,307,92,5,403,3218,158
2,9,90,7,350,2856,283
4,308,93,7,403,3212,158
4,308,93,7,403,3212,158
2,10,92,5,361,2868,280
4,309,94,6,403,3212,160
2,11,92,7,369,2881,277
4,310,94,4,403,3212,160
2,12,92,7,376,2893,298
4,311,95,7,403,3218,145
2,13,166,50,382,2900,510
4,312,96,26,403,3218,159
4,313,96,31,403,3218,166
4,314,96,16,403,3212,163
4,315,86,15,403,3218,161
4,316,89,50,403,3218,164
4,317,101,45,403,3218,163
4,318,101,26,403,3218,162
4,319,101,20,403,3218,160
4,320,115,30,403,3218,156
1,1,0,594,80,2687,582
4,321,108,34,403,3218,160
1,2,0,44,145,2693,583
4,322,100,48,403,3218,167
1,3,0,58,197,2693,577
4,323,101,21,403,3225,162
1,4,0,23,238,2693,517
1,5,0,13,272,2693,507
1,6,0,14,298,2693,505
1,7,32,9,319,2693,510
1,7,32,9,319,2693,510
1,8,32,57,336,2693,502
1,9,32,51,350,2693,434
1,10,32,36,361,2693,406
1,11,32,31,369,2693,508
1,12,32,26,376,2693,532
1,13,48,12,382,2693,493
1,14,48,11,386,2693,499
1,15,48,13,390,2693,496
1,16,95,10,393,2693,529
1,17,87,7,395,2700,534
1,18,87,8,397,2700,504
1,19,88,9,398,2700,495
1,19,88,9,398,2700,495
1,20,91,6,400,2700,501
1,21,91,7,401,2700,496
1,22,93,9,401,2700,534
1,23,102,6,402,2700,517
1,24,101,6,402,2700,511
1,25,104,19,403,2700,587
1,26,104,25,380,2700,592
1,27,104,32,385,2700,520
1,28,104,12,389,2700,505
1,29,104,24,392,2700,520
1,30,104,20,394,2700,514
1,31,104,13,396,2700,512
1,31,104,13,396,2700,512
1,32,104,8,398,2700,430
1,33,104,5,399,2700,432
1,34,104,4,400,2706,581
1,35,45,7,401,2706,520
1,36,47,7,402,2706,512
1,36,47,7,402,2706,512
1,37,47,11,402,2706,504
1,38,44,14,403,2706,521
1,39,43,12,403,2706,514
1,40,45,8,403,2706,506
1,41,45,8,403,2706,470
1,42,44,8,404,2706,407
1,43,47,9,404,2706,509
1,44,47,10,404,2706,604
1,45,46,20,404,2706,501
1,46,46,26,404,2706,501
1,47,48,23,404,2712,507
1,48,57,38,404,2725,515
1,49,63,9,404,2725,507
1,50,83,26,404,2725,298
1,51,90,38,404,2725,505
1,52,90,30,404,2743,372
1,53,86,6,404,2775,366
1,54,84,5,404,2806,363
1,56,87,6,404,2856,359
1,57,91,6,404,2868,357
1,58,106,8,404,2887,356
1,58,106,8,404,2887,356
1,59,117,5,404,2893,356
1,60,117,7,404,2912,354
1,61,118,7,404,2918,352
1,62,116,5,404,2925,351
1,62,116,5,404,2925,351
1,63,131,6,404,2937,350
1,64,136,4,404,2943,348
1,65,130,6,404,2943,348
1,66,131,8,404,2950,349
1,67,121,7,404,2956,351
1,68,120,11,404,2962,351
1,69,116,7,404,2968,347
1,69,116,7,404,2968,347
1,70,119,4,404,2968,348
1,71,116,7,404,2975,347
1,72,111,7,404,2975,346
1,73,108,8,404,2981,345
1,74,107,8,404,2981,377
1,75,118,29,404,2981,511
1,76,122,44,404,2968,489
1,77,119,60,404,2956,599
1,78,119,12,404,2943,512
1,78,119,12,404,2943,512
1,79,119,19,404,2931,507
1,80,153,14,404,2918,507
1,81,112,7,404,2912,511
1,82,112,9,404,2906,509
1,83,85,9,404,2900,510
1,84,85,7,404,2893,509
1,85,68,9,404,2887,509
1,86,68,10,404,2881,509
1,87,68,10,404,2881,508
1,88,68,10,404,2875,508
1,89,68,8,404,2875,509
1,90,68,9,404,2875,509
1,91,42,7,404,2868,510
1,92,43,11,404,2868,508
1,93,44,9,404,2868,509
1,94,45,7,404,2862,509
1,95,46,6,404,2856,506
1,96,48,7,404,2856,509
1,97,49,7,404,2856,509
1,98,51,9,404,2856,508
1,99,52,9,404,2856,509
1,100,54,9,404,2856,509
1,101,56,8,404,2856,509
1,102,55,7,404,2850,509
1,103,57,9,404,2850,509
1,104,63,7,404,2850,508
1,105,77,9,404,2850,509
1,106,82,5,404,2850,509
1,107,82,7,404,2850,509
1,108,82,7,404,2843,508
1,109,82,25,404,2843,508
1,110,128,26,404,2843,519
1,110,128,26,404,2843,519
1,111,116,65,404,2843,495
1,112,109,38,404,2850,515
1,113,116,84,404,2862,511
1,114,105,99,404,2862,502
1,116,102,32,404,2875,512
1,117,102,25,404,2868,500
1,118,195,22,404,2868,522
1,119,173,25,404,2868,501
1,120,168,8,404,2862,508
1,121,159,9,404,2862,508
1,122,190,8,404,2862,510
4,1,0,620,80,3250,166
1,123,204,11,404,2862,503
4,2,0,9,145,3250,164
1,124,190,11,404,2856,520
4,3,0,7,196,3250,163
1,125,161,27,404,2856,513
4,4,202,27,238,3256,160
1,126,161,37,404,2856,514
4,5,174,21,271,3256,156
1,127,117,25,404,2856,504
4,6,163,46,297,3256,159
1,128,107,36,404,2856,509
1,128,107,36,404,2856,509
4,7,159,25,318,3256,159
1,129,109,39,404,2856,423
4,8,123,36,335,3256,162
1,130,109,61,404,2850,432
4,9,110,30,349,3256,161
1,131,109,54,404,2850,431
4,10,94,22,360,3256,160
1,132,109,26,404,2856,440
4,11,96,15,368,3256,161
1,133,109,21,404,2856,466
4,12,92,14,375,3256,160
1,134,79,16,404,2850,568
4,13,85,11,381,3256,160
4,13,85,11,381,3256,160
1,135,82,43,404,2850,560
4,14,94,34,385,3256,163
1,136,94,27,404,2850,467
4,15,112,47,389,3262,163
1,137,101,33,404,2850,496
4,16,102,31,392,3262,161
1,138,107,22,404,2856,474
4,17,115,50,394,3262,161
1,139,108,54,404,2856,596
4,18,115,31,396,3262,161
5,1,0,512,80,2768,586
1,140,104,41,404,2850,449
4,19,113,29,397,3262,162
5,2,0,45,145,2768,591
1,141,102,26,404,2856,560
4,20,107,14,398,3262,164
5,3,0,26,196,2775,433
1,142,96,33,404,2856,512
4,21,118,36,399,3268,161
5,4,0,26,238,2775,446
1,143,95,26,404,2856,533
4,22,106,29,400,3262,160
5,5,0,50,271,2775,420
1,144,94,27,404,2862,485
4,23,104,9,401,3268,159
5,6,0,8,297,2781,512
1,145,99,11,404,2862,484
4,24,102,7,401,3268,160
5,7,41,10,318,2781,475
1,146,101,8,404,2868,446
4,25,101,3,401,3268,159
5,8,46,9,335,2781,548
1,147,101,8,404,2868,579
4,26,101,6,402,3268,160
5,9,53,8,349,2781,563
1,148,101,6,404,2868,571
4,27,101,4,402,3268,159
5,10,57,6,360,2781,490
1,149,101,5,404,2875,489
4,28,101,4,402,3268,159
5,11,69,6,368,2787,495
1,150,102,6,404,2875,479
4,29,102,4,402,3268,160
5,12,102,7,375,2787,493
1,151,102,5,404,2875,479
4,30,102,5,402,3268,160
5,13,114,6,381,2787,484
1,152,102,45,404,2881,429
4,31,103,27,403,3268,163
5,14,113,18,385,2787,553
1,153,113,38,404,2881,502
4,32,101,45,403,3268,167
5,15,113,44,389,2787,527
1,154,112,207,404,2881,586
4,33,109,116,403,3268,157
5,16,119,170,392,2787,467
1,155,130,283,404,2881,567
4,34,129,101,403,3268,157
5,17,127,143,394,2793,513
1,156,157,199,404,2881,435
4,35,170,98,403,3268,160
5,18,131,89,396,2793,470
1,157,150,245,404,2881,503
4,36,207,95,403,3268,159
5,19,132,91,397,2793,477
1,158,175,140,404,2881,475
4,37,204,169,403,3268,161
1,159,167,45,404,2881,476
4,38,204,32,403,3275,160
1,160,137,31,404,2881,567
4,39,204,27,403,3268,160
5,22,110,25,400,2800,479
1,161,127,56,404,2875,535
4,40,217,68,403,3275,160
4,40,217,68,403,3275,160
5,23,103,71,401,2800,445
1,162,123,24,404,2881,521
4,41,191,29,403,3268,160
5,24,85,81,401,2800,390
1,163,109,42,404,2881,504
4,42,172,41,403,3268,166
5,25,79,70,401,2812,455
1,164,109,74,404,2881,453
1,164,109,74,404,2881,453
4,43,153,41,403,3275,162
5,26,77,31,402,2850,478
1,165,92,25,404,2900,376
4,44,123,32,403,3275,166
5,27,78,44,402,2881,415
1,166,85,43,404,2950,372
4,45,100,33,403,3275,160
5,28,79,18,402,2906,400
1,167,86,12,404,2987,371
4,46,94,9,403,3275,157
5,29,79,15,402,2931,391
1,168,86,11,404,3012,369
4,47,83,6,403,3275,160
5,30,74,12,402,2950,388
1,169,78,9,404,3037,369
4,48,80,5,403,3275,163
5,31,92,10,403,2968,385
1,170,80,9,404,3050,371
4,49,81,4,403,3275,163
5,32,96,8,403,2981,383
1,171,88,6,404,3062,371
1,171,88,6,404,3062,371
4,50,89,4,403,3275,161
5,33,96,7,402,2993,381
1,172,95,8,404,3075,372
4,51,96,4,403,3275,159
5,34,94,11,403,3000,383
1,173,94,8,404,3081,379
4,52,94,3,403,3275,158
5,35,94,12,403,3006,377
1,174,102,8,404,3093,373
4,53,102,4,403,3275,163
5,36,102,30,403,3012,389
1,175,100,8,404,3100,373
4,54,100,4,403,3275,159
1,176,98,9,404,3106,377
1,176,98,9,404,3106,377
4,55,98,6,403,3275,159
5,38,98,75,403,3018,456
1,177,98,10,404,3112,381
4,56,98,5,403,3275,159
5,39,98,62,403,3012,443
1,178,99,8,404,3112,375
4,57,99,4,403,3275,159
5,40,99,21,403,3012,404
1,179,100,9,404,3118,370
4,58,101,6,403,3275,161
5,41,101,11,403,3012,399
1,180,102,8,404,3125,369
4,59,102,5,403,3281,164
5,42,102,9,403,3018,394
5,42,102,9,403,3018,394
1,181,102,22,404,3125,368
4,60,102,13,403,3275,161
4,60,102,13,403,3275,161
5,43,102,14,403,3025,388
4,61,102,31,403,3275,161
5,44,112,32,403,3031,391
1,183,93,28,404,3131,381
4,62,102,24,403,3275,161
5,45,114,19,403,3031,389
1,184,93,11,404,3137,376
1,184,93,11,404,3137,376
4,63,102,9,403,3275,161
5,46,113,17,403,3031,382
1,185,93,15,404,3137,370
4,64,103,7,403,3281,161
5,47,115,8,403,3037,378
1,186,94,7,404,3137,369
4,65,105,5,403,3275,161
4,65,105,5,403,3275,161
5,48,118,9,403,3037,381
1,187,96,43,404,3143,375
4,66,108,27,403,3281,164
5,49,108,35,403,3043,382
4,67,109,26,403,3275,174
5,50,100,65,403,3037,545
1,189,100,46,404,3143,369
4,68,116,30,403,3275,152
1,190,93,59,404,3150,379
4,69,112,27,403,3275,169
4,70,115,27,403,3281,166
1,192,97,28,404,3156,382
4,71,116,12,403,3281,166
1,193,98,11,404,3156,591
4,72,118,21,403,3281,167
1,194,111,34,404,3156,375
4,73,114,23,403,3281,154
1,195,117,37,404,3156,380
4,74,116,16,403,3281,165
1,196,113,26,404,3156,386
4,75,110,12,403,3281,167
1,197,109,29,404,3156,368
4,76,104,18,403,3281,165
1,198,100,20,404,3156,367
4,77,102,9,403,3281,163
1,199,100,12,404,3156,365
2,1,0,572,80,2700,583
4,78,100,4,403,3281,163
1,200,100,16,404,3156,368
2,2,0,39,145,2743,372
4,79,101,10,403,3281,163
1,201,103,14,404,3162,368
2,3,0,14,197,2787,373
2,3,0,14,197,2787,373
4,80,103,7,403,3281,163
2,4,0,12,238,2825,361
2,4,0,12,238,2825,361
1,202,107,14,404,3162,378
4,81,110,6,403,3281,165
2,5,0,15,272,2850,359
1,203,112,15,404,3162,383
4,82,112,6,403,3281,166
2,6,0,8,298,2875,358
1,204,113,8,404,3162,506
4,83,114,4,403,3281,166
2,7,109,11,319,2893,357
2,7,109,11,319,2893,357
2,7,109,11,319,2893,357
1,205,114,7,404,3162,402
4,84,114,3,403,3281,166
2,8,98,11,336,2906,353
1,206,114,13,404,3162,376
4,85,114,4,403,3281,167
2,9,91,48,350,2918,362
1,207,116,31,404,3162,430
4,86,118,27,403,3281,169
2,10,91,63,361,2931,420
1,208,104,19,404,3162,387
4,87,118,18,403,3281,173
2,11,85,201,369,2937,525
1,209,107,34,404,3162,401
4,88,118,18,403,3281,172
2,12,79,45,376,2937,511
1,210,105,21,404,3162,402
4,89,116,19,403,3281,172
2,13,74,4,382,2918,511
1,211,105,13,404,3162,393
4,90,113,4,403,3281,172
2,14,69,11,386,2893,511
1,212,101,9,404,3162,389
4,91,110,5,403,3281,171
1,213,95,10,404,3168,378
4,92,105,3,403,3281,169
1,214,94,11,404,3168,385
1,215,88,16,404,3168,380
4,94,90,15,403,3281,169
1,216,87,38,404,3168,382
4,95,86,38,403,3281,166
1,217,80,17,404,3168,398
4,96,86,25,403,3281,167
3,1,0,561,81,2637,584
1,218,78,23,404,3168,392
4,97,87,12,396,3281,167
3,2,0,1,145,2637,605
1,219,86,9,404,3168,387
4,98,87,6,397,3281,167
3,3,0,1,197,2637,580
1,220,94,11,404,3168,412
4,99,94,24,398,3281,167
3,4,0,1,239,2643,605
1,221,97,6,404,3175,408
4,100,100,5,399,3281,168
3,5,0,1,272,2643,516
4,101,102,7,400,3281,167
3,6,0,1,298,2643,513
1,223,108,5,404,3175,401
3,7,109,1,319,2643,513
1,224,104,8,404,3175,404
4,103,94,4,401,3281,168
3,8,100,1,336,2643,516
4,104,97,6,401,3281,168
1,226,90,26,404,3181,509
4,105,104,26,402,3281,166
3,10,79,1,361,2643,512
3,11,79,2,370,2643,512
1,227,94,24,404,3181,387
4,106,102,26,402,3281,148
1,228,93,17,404,3181,508
4,107,104,24,402,3287,147
3,13,79,2,382,2643,512
1,229,94,13,404,3181,507
4,108,104,7,402,3287,147
2,32,55,1,404,2756,510
3,14,79,1,386,2643,512
3,14,79,1,386,2643,512
1,230,95,11,404,3187,505
4,109,107,12,402,3281,164
2,33,55,3,404,2756,511
3,15,46,15,390,2643,495
1,231,103,19,404,3187,521
4,110,103,18,403,3287,166
2,34,55,3,404,2750,510
1,232,103,10,404,3187,507
4,111,98,14,403,3287,166
2,35,55,4,404,2750,511
2,35,55,4,404,2750,511
1,233,103,10,404,3187,508
2,36,62,3,404,2750,510
1,234,103,9,404,3187,505
4,113,99,8,403,3287,166
2,37,66,6,404,2750,511
1,235,103,10,404,3187,516
4,114,99,6,403,3287,167
1,236,82,11,404,3193,508
4,115,98,12,403,3287,166
3,21,122,3,401,2643,511
1,237,75,12,404,3193,508
4,116,98,7,403,3287,166
3,22,106,3,401,2650,511
0,1,0,511,80,2656,594
1,238,70,7,404,3193,507
4,117,99,4,403,3287,166
2,41,64,1,404,2743,510
0,2,0,87,145,2700,583
1,239,71,9,404,3193,513
4,118,100,7,403,3287,165
0,3,0,33,197,2718,579
3,24,94,1,402,2643,511
1,240,71,6,404,3193,514
4,119,100,4,403,3287,166
0,4,0,88,238,2762,332
1,241,71,7,404,3200,508
1,241,71,7,404,3200,508
4,120,99,7,403,3287,165
0,5,0,22,271,2812,306
1,242,84,13,404,3200,507
4,121,99,11,403,3287,166
0,6,0,18,298,2850,320
1,243,99,10,404,3200,512
4,122,99,7,403,3287,165
0,7,0,14,319,2881,323
1,244,99,7,404,3200,509
4,123,98,5,403,3287,166
0,8,0,19,336,2900,326
3,29,54,1,404,2643,511
1,245,98,66,404,3200,576
4,124,99,43,403,3293,171
0,9,237,23,349,2912,330
1,246,90,43,404,3206,501
4,125,108,20,403,3293,174
0,10,232,63,360,2925,338
1,247,81,27,404,3206,336
4,126,108,20,403,3287,174
0,11,232,39,369,2937,336
4,127,108,31,403,3287,169
1,248,80,19,404,3206,333
0,12,232,78,376,2950,315
1,249,80,32,404,3206,337
4,128,155,35,403,3293,172
0,13,232,29,381,2956,326
1,250,80,14,404,3212,354
4,129,152,25,403,3287,174
0,14,94,27,386,2962,325
1,251,80,24,404,3212,350
1,251,80,24,404,3212,350
4,130,150,24,403,3293,174
0,15,94,24,389,2968,316
3,36,57,1,404,2650,511
1,252,103,12,404,3212,341
4,131,141,8,403,3287,174
0,16,79,18,392,2975,309
1,253,94,5,404,3212,337
4,132,126,8,403,3293,175
0,17,75,19,395,2981,310
1,254,96,9,404,3212,336
4,133,120,7,403,3287,175
0,18,69,18,396,2987,311
1,255,88,6,404,3212,336
4,134,118,6,403,3287,175
0,19,68,14,398,2993,312
3,40,60,15,404,2650,510
1,256,90,9,404,3218,336
4,135,123,5,403,3293,175
0,20,71,20,399,3000,310
1,257,82,5,404,3218,336
4,136,125,5,403,3287,175
0,21,72,16,400,3006,312
1,258,79,8,404,3218,335
4,137,125,7,403,3287,176
0,22,71,16,401,3006,315
1,259,79,6,404,3218,336
4,138,125,5,403,3287,176
0,23,90,18,401,3012,319
1,260,80,4,404,3225,337
1,260,80,4,404,3225,337
4,139,110,6,403,3293,177
0,24,100,19,402,3012,319
1,261,76,6,404,3225,338
4,140,92,7,403,3293,179
4,140,92,7,403,3293,179
0,25,101,28,402,3018,335
3,46,66,1,404,2650,511
3,46,66,1,404,2650,511
1,262,70,41,404,3225,346
4,141,84,20,403,3293,178
0,26,101,38,402,3018,521
1,263,70,8,404,3225,345
4,142,84,8,403,3293,178
0,27,101,18,403,3025,509
3,48,75,8,404,2650,510
1,264,70,25,404,3225,362
4,143,84,24,403,3293,177
0,28,92,23,403,3025,311
1,265,70,20,404,3225,404
4,144,100,14,403,3293,168
0,29,98,16,403,3031,304
1,266,70,13,404,3225,400
4,145,113,13,403,3293,167
0,30,100,26,403,3031,307
3,51,196,3,404,2650,510
1,267,29,17,404,3225,349
4,146,112,14,403,3293,169
0,31,93,18,403,3037,310
3,52,168,1,404,2650,510
1,268,30,15,404,3225,351
4,147,111,6,403,3293,169
0,32,93,14,403,3037,314
3,53,142,2,404,2650,511
1,269,35,10,404,3225,352
4,148,112,6,403,3293,170
0,33,93,10,403,3043,313
1,270,43,7,404,3225,353
1,270,43,7,404,3225,353
4,149,109,4,403,3293,169
0,34,93,8,403,3043,314
3,55,110,1,404,2650,511
1,271,43,7,404,3225,360
4,150,110,6,402,3293,170
0,35,130,9,403,3050,317
2,74,44,1,404,2725,512
1,272,43,57,404,3225,362
4,151,114,51,403,3293,158
0,36,130,60,403,3050,326
3,57,110,1,404,2650,511
1,273,209,17,404,3231,349
4,152,112,14,403,3293,168
0,37,130,97,404,3050,341
3,58,110,1,404,2650,511
2,76,51,1,404,2725,510
1,274,185,97,404,3231,505
4,153,113,73,403,3293,174
0,38,130,36,404,3050,356
3,59,60,1,404,2650,510
2,77,51,1,404,2725,510
1,275,185,29,404,3231,508
4,154,111,26,403,3293,171
4,154,111,26,403,3293,171
4,154,111,26,403,3293,171
0,39,225,125,403,3056,420
3,60,60,8,404,2650,513
2,78,51,7,404,2725,510
1,276,157,11,404,3231,358
4,155,106,14,403,3293,171
0,40,167,41,403,3050,489
2,79,51,9,404,2725,510
1,277,131,7,404,3231,348
4,156,99,11,403,3293,172
0,41,147,59,403,3031,513
2,80,47,11,404,2725,510
1,278,96,8,404,3237,349
4,157,97,12,403,3293,172
0,42,143,3,403,3006,516
1,279,90,9,404,3237,367
4,158,109,12,403,3293,173
0,43,137,7,403,2987,511
2,82,47,6,404,2725,510
1,280,90,13,404,3237,367
0,44,137,7,403,2968,503
4,159,112,15,403,3293,173
2,83,51,3,404,2725,511
1,281,90,10,404,3237,338
0,45,137,5,404,2956,506
4,160,127,8,403,3293,173
3,66,59,3,404,2650,511
1,282,90,10,404,3237,349
1,282,90,10,404,3237,349
0,46,78,1,404,2943,512
4,161,135,10,403,3293,173
3,67,59,2,404,2650,510
1,283,90,16,404,3237,346
5,1,0,507,80,2825,587
0,47,83,2,403,2931,504
4,162,138,8,403,3293,172
1,284,90,10,404,3243,346
5,2,0,15,145,2825,591
0,48,82,1,403,2918,507
4,163,127,9,403,3293,172
1,285,90,17,404,3243,342
5,3,0,13,196,2831,583
0,49,79,1,403,2912,506
4,164,131,14,403,3293,172
1,286,202,12,404,3243,346
5,4,0,8,238,2831,514
0,50,76,1,404,2906,513
4,165,113,6,403,3293,172
1,287,170,13,404,3243,345
5,5,0,11,271,2825,514
0,51,74,1,403,2900,514
4,166,111,8,403,3293,173
1,288,127,9,404,3243,346
5,6,0,9,297,2831,515
0,52,74,1,403,2887,508
4,167,127,5,403,3293,173
1,289,127,8,404,3243,339
5,7,109,16,318,2831,513
0,53,63,1,403,2881,508
4,168,129,6,402,3293,172
1,290,103,7,404,3243,340
5,8,100,10,335,2831,512
0,54,60,1,403,2875,507
4,169,129,4,402,3293,172
1,291,92,8,404,3243,342
5,9,92,12,349,2831,513
5,9,92,12,349,2831,513
5,9,92,12,349,2831,513
0,55,60,1,403,2868,504
4,170,140,7,402,3300,172
1,292,82,8,404,3243,340
5,10,83,18,360,2831,512
0,56,58,3,403,2868,519
4,171,126,8,403,3293,172
2,95,37,1,404,2731,510
1,293,73,8,404,3243,346
0,57,55,14,403,2862,523
4,172,129,13,402,3293,174
2,96,37,6,404,2731,511
2,96,37,6,404,2731,511
1,294,67,14,404,3250,358
0,58,52,37,403,2856,488
4,173,136,10,402,3300,174
2,97,37,4,404,2725,510
1,295,62,13,404,3250,345
4,174,124,6,402,3300,174
2,98,37,13,404,2731,511
1,296,62,14,404,3243,355
3,81,136,14,404,2656,514
4,175,116,9,402,3293,173
2,99,37,4,404,2725,510
1,297,62,11,404,3250,364
4,176,115,8,402,3300,174
1,298,150,15,404,3250,362
3,83,111,79,404,2656,512
4,177,115,8,402,3300,175
1,299,140,9,404,3250,371
4,178,111,8,402,3293,174
1,300,109,17,404,3250,369
4,179,129,11,402,3300,176
2,103,41,83,404,2725,509
1,301,109,11,404,3250,491
4,180,149,8,402,3300,175
2,104,47,49,404,2725,525
1,302,91,13,404,3250,491
4,181,150,11,402,3293,175
2,105,58,78,404,2731,523
1,303,89,8,404,3250,492
4,182,151,9,402,3300,175
1,304,91,10,404,3256,492
4,183,143,6,402,3300,174
1,305,85,14,404,3256,492
4,184,132,10,402,3300,174
1,306,82,18,404,3256,491
4,185,130,7,403,3300,173
1,307,82,13,404,3256,493
4,186,130,11,402,3300,172
4,186,130,11,402,3300,172
1,308,82,15,404,3256,492
4,187,138,39,402,3300,156
1,309,69,40,404,3256,518
4,188,145,35,402,3300,158
1,310,68,60,404,3256,516
4,189,122,33,402,3300,179
1,311,68,138,404,3237,509
4,190,106,30,403,3300,176
1,312,68,62,404,3225,510
4,191,100,18,402,3300,178
4,192,100,33,402,3300,181
4,193,78,29,403,3300,176
4,194,67,88,403,3300,181
4,195,62,29,402,3300,182
4,196,62,18,402,3300,182
4,197,62,17,403,3306,182
4,198,62,44,403,3306,179
4,199,130,51,403,3300,179
4,200,130,12,403,3306,182
4,201,130,29,403,3306,182
4,202,233,31,403,3306,175
4,203,233,33,403,3306,182
4,204,233,14,403,3306,175
4,205,233,13,403,3306,177
4,205,233,13,403,3306,177
4,206,74,22,403,3306,181
4,207,75,9,403,3306,181
1,1,218,600,80,3100,513
4,208,75,12,403,3306,177
1,2,221,7,145,3093,509
4,209,75,16,403,3306,180
4,210,75,7,403,3306,180
1,4,221,12,238,3093,509
4,211,165,14,403,3306,181
4,212,120,30,403,3306,176
4,213,120,10,402,3306,174
4,214,95,28,402,3306,160
